{
  "restaurants": [
    {
      "id": "r1",
      "name": "SpiceSprint",
      "cuisine": "Indian",
      "rating": 4.6,
      "deliveryTimeMins": 30,
      "image": "/images/restaurants/r1.svg",
      "priceLevel": 2
    },
    {
      "id": "r2",
      "name": "Sushi Nebula",
      "cuisine": "Japanese",
      "rating": 4.8,
      "deliveryTimeMins": 25,
      "image": "/images/restaurants/r2.svg",
      "priceLevel": 3
    },
    {
      "id": "r3",
      "name": "Bella Pasta",
      "cuisine": "Italian",
      "rating": 4.3,
      "deliveryTimeMins": 35,
      "image": "/images/restaurants/r3.svg",
      "priceLevel": 2
    }
  ],
  "menuItems": [
    {
      "id": "m1",
      "restaurantId": "r1",
      "name": "Butter Chicken",
      "description": "Creamy tomato gravy with tender chicken.",
      "price": 14.99,
      "image": "/images/menu/m1.svg",
      "isHotDeal": true
    },
    {
      "id": "m2",
      "restaurantId": "r1",
      "name": "Paneer Tikka",
      "description": "Spiced cottage cheese skewers.",
      "price": 11.5,
      "image": "/images/menu/m2.svg",
      "isHotDeal": false
    },
    {
      "id": "m3",
      "restaurantId": "r2",
      "name": "Salmon Nigiri",
      "description": "Fresh salmon over seasoned rice.",
      "price": 8.5,
      "image": "/images/menu/m3.svg",
      "isHotDeal": true
    },
    {
      "id": "m4",
      "restaurantId": "r2",
      "name": "Dragon Roll",
      "description": "Eel, cucumber, avocado on top.",
      "price": 13.25,
      "image": "/images/menu/m4.svg",
      "isHotDeal": false
    },
    {
      "id": "m5",
      "restaurantId": "r3",
      "name": "Spaghetti Carbonara",
      "description": "Pecorino, egg, guanciale.",
      "price": 12.0,
      "image": "/images/menu/m5.svg",
      "isHotDeal": false
    },
    {
      "id": "m6",
      "restaurantId": "r3",
      "name": "Margherita Pizza",
      "description": "Tomato, mozzarella, basil.",
      "price": 10.0,
      "image": "/images/menu/m6.svg",
      "isHotDeal": true
    }
  ]
}
